{"loss": [4.565081596374512, 3.582026958465576, 3.5788166522979736, 3.5679171085357666, 3.5496222972869873, 3.473944664001465, 3.3412997722625732, 3.2393922805786133, 3.0825448036193848, 2.9527156352996826, 2.8106513023376465, 2.6517255306243896, 2.4962799549102783, 2.3291783332824707, 2.158444404602051, 1.9333860874176025, 1.6964055299758911, 1.578069806098938, 1.481103777885437, 1.3205918073654175, 1.096977710723877, 1.04361891746521, 0.9858975410461426, 0.8498151302337646, 0.8001229166984558, 0.7367874979972839, 0.5750240087509155, 0.6008546352386475, 0.7021472454071045, 0.46236497163772583, 0.3876093327999115, 0.3833136260509491], "accuracy": [0.026966292411088943, 0.03178170323371887, 0.033707864582538605, 0.03691813722252846, 0.049438200891017914, 0.05650080367922783, 0.06837881356477737, 0.08699839562177658, 0.11139646917581558, 0.13772070407867432, 0.17110754549503326, 0.21926163136959076, 0.25650081038475037, 0.3020866811275482, 0.35152488946914673, 0.41316211223602295, 0.48057785630226135, 0.5245586037635803, 0.5515248775482178, 0.5990369319915771, 0.6683788299560547, 0.6876404285430908, 0.707223117351532, 0.7447832822799683, 0.7617977261543274, 0.7939004898071289, 0.8279293775558472, 0.8272873163223267, 0.8080256581306458, 0.8712680339813232, 0.8866773843765259, 0.8892455697059631], "val_loss": [3.583585739135742, 3.582425355911255, 3.5752201080322266, 3.5316739082336426, 3.4761552810668945, 3.36140775680542, 3.166775941848755, 2.969611406326294, 2.723816156387329, 2.4408724308013916, 2.270874500274658, 1.8650619983673096, 1.8610358238220215, 1.6675976514816284, 1.2868499755859375, 1.1351152658462524, 0.9548816084861755, 0.7661858797073364, 0.8144162893295288, 0.7318799495697021, 0.581510066986084, 0.5945033431053162, 0.5482622385025024, 0.5077512860298157, 0.32855120301246643, 0.35978829860687256, 0.2958386242389679, 0.2628237009048462, 0.40457144379615784, 0.3660372197628021, 0.3338800072669983, 0.3127785325050354], "val_accuracy": [0.028490029275417328, 0.03133903071284294, 0.03988603875041008, 0.05982905998826027, 0.054131053388118744, 0.09401709586381912, 0.11680911481380463, 0.1310541331768036, 0.21082621812820435, 0.2621082663536072, 0.29914531111717224, 0.47863247990608215, 0.43019944429397583, 0.5128205418586731, 0.6837607026100159, 0.6723646521568298, 0.7378917336463928, 0.7321937084197998, 0.7834757566452026, 0.8290598392486572, 0.8433048725128174, 0.8490028381347656, 0.8803418874740601, 0.8831908702850342, 0.9259259104728699, 0.9116809368133545, 0.9202279448509216, 0.94017094373703, 0.8974359035491943, 0.9373219609260559, 0.9544159770011902, 0.9487179517745972]}